/*
SQLyog Ultimate v13.1.1 (32 bit)
MySQL - 5.7.24 : Database - vealo3_db
*********************************************************************
*/

/*!40101 SET NAMES utf8 */;

/*!40101 SET SQL_MODE=''*/;

/*!40014 SET @OLD_UNIQUE_CHECKS=@@UNIQUE_CHECKS, UNIQUE_CHECKS=0 */;
/*!40014 SET @OLD_FOREIGN_KEY_CHECKS=@@FOREIGN_KEY_CHECKS, FOREIGN_KEY_CHECKS=0 */;
/*!40101 SET @OLD_SQL_MODE=@@SQL_MODE, SQL_MODE='NO_AUTO_VALUE_ON_ZERO' */;
/*!40111 SET @OLD_SQL_NOTES=@@SQL_NOTES, SQL_NOTES=0 */;
/*Data for the table `empresas` */

insert  into `empresas`(`id`,`rif`,`color`,`nom_corto`,`nombre`,`servidor`,`puerto`,`nomusua`,`basedata`,`clave`,`servidor2`,`puerto2`,`nomusua2`,`basedata2`,`clave2`,`direccion`,`telefono`,`firma`,`logo`,`is_agente_retencion`,`is_sincronizacion_remota`,`created_at`,`updated_at`) values 
(1,'J-30227462-1','#41a4e1','FFA','FARMACIA FUERZAS ARMADAS, C.A','10.0.3.1',3306,'jonas.salas','ffap','camaleon',NULL,NULL,NULL,NULL,NULL,'AV. PASEO LIBERTADOR EDIF. SAN FERNANDO, PISO P.B LOCAL S/N SECTOR CENTRO SAN FERNANDO','0414000000','imagen/1707499842-pTgV21CYHOu7W9gDgG3HQa4ZDONcJW9S4ZTDj0vX.jpeg','imagen/logo1707499817-logofd.png',1,0,'2021-02-24 11:55:56','2024-02-09 17:30:42'),
(2,'J-30631519-5','#e1ec8d','FH','FARMA HOSPITAL, C.A.','10.0.2.2',3306,'jonas.salas','hptal','camaleon',NULL,NULL,NULL,NULL,NULL,'AV. CARACAS EDIF. VILLAMED PISO P.B. LOCAL S/N, SECTOR CENTRO, SAN FERNANDO DE APURE',NULL,'imagen/1686336420-halhoJsGuO7uU14mDV9eulR4cbCEWGgmD98ftLeR.jpeg','imagen/logo1712263417-Logo Pequenio.gif',1,0,'2021-03-01 10:24:56','2024-04-04 20:43:37'),
(3,'J-31473007-0','#94d293','FFADOS','FARMACIA FUERZAS ARMADAS DOS, C.A.','10.0.5.1',3306,'jonas.salas','ffados','camaleon',NULL,NULL,NULL,NULL,NULL,'AV. INTERCOMUNAL SAN FERNANDO-BIRUACA CC DUIDA NIVEL P.B. LOCAL S/N INTERCOMUNAL',NULL,'imagen/AjzZmizB3byZANuOKoB6SM8synREDLaQCTPZfv86.jpeg','imagen/logo1696953471-AdminLTELogo2.png',1,0,'2021-03-01 10:36:49','2023-10-10 15:57:51'),
(4,'J-40093505-9','#ecb1ed','FE','FARMA EXPRES, C.A.','10.0.6.1',3306,'jonas.salas','fexpres','camaleon',NULL,NULL,NULL,NULL,NULL,'AV. MIRANDA C/C MADARIAGA, EDIF. MIS HIJOS PISO P.B. LOCAL S/N, SECTOR CENTRO, SAN FERNANDO DE APURE',NULL,'imagen/JGReZqSfiObyEeL3Ef8fPbrYmqzoWC226Opcg0Ey.jpeg','imagen/logo1703087457-logofd.png',1,0,'2021-03-01 10:41:20','2023-12-20 15:50:57'),
(5,'J-31404973-9','#cfc7af','CIDV','CONSTRUCTORA INMOBILIARIA DON VILLA, C.A.','127.0.0.1',3306,'jonas.salas','siace_facturacion_integral','camaleon',NULL,NULL,NULL,NULL,NULL,'AV. SAN FERNANDO.FUERZAS ARMADAS C/PASEO LIBERTADOR EDIFICIO SAN FERNANDO PISO 1, LOCAL 7, SECTOR CENTRO',NULL,NULL,NULL,1,0,'2021-03-01 10:51:48','2023-11-24 16:24:22'),
(6,'J-31385109-4','#6b4dd5','FS','FARMASUR, C.A.','10.0.7.1',3306,'jonas.salas','fsur','camaleon',NULL,NULL,NULL,NULL,NULL,'AV REVOLUCION EDIF ANEXO CENTRO MEDICO DEL SUR PISO P/B LOCAL S/N SECTOR CASA DE ZINC, SAN FDO EDO APURE SAN FERNANDO DE APURE APURE ZONA POSTAL 7001',NULL,'imagen/1665602849-SelloFirmaFS.jpg',NULL,1,0,'2022-05-17 12:58:07','2022-10-12 15:27:29'),
(7,'J-50225548-6','#489334','+A','+ AHORRO','10.0.8.1',3306,'jonas.salas','ahorro','camaleon',NULL,NULL,NULL,NULL,NULL,'AV CARACAS LOCAL NRO S/N SECTOR TERRON DURO SAN FERNANDO DE APURE APURE ZONA POSTAL 7001',NULL,'imagen/1665605419-FirmaSelloAhorro.png',NULL,0,0,'2022-07-19 11:35:50','2023-05-10 09:14:21'),
(9,'J-30595731-2','#9ebae5','CBZO','FARMACIA CALABOZO, C.A.','localhost',3306,'root','cbzo','1234','farmadescuentocbzo.ddns.net',3306,'','','','CALABOZO','0247-35623654',NULL,NULL,0,0,'2023-05-10 09:33:33','2023-06-05 14:33:51'),
(10,'J-30222996-0','#dbf594','JGH','FARMACIA JOSE GREGORIO HERNANDEZ, C.A.','localhost',3306,'root','jgh','1234','remotejgh.ddns.net',3306,'','','','CALABOZO',NULL,NULL,NULL,0,0,'2023-05-10 09:39:57','2023-06-05 14:33:32');

/*Data for the table `model_has_permissions` */

/*Data for the table `model_has_roles` */

insert  into `model_has_roles`(`role_id`,`model_type`,`model_id`) values 
(17,'App\\Models\\User',11),
(19,'App\\Models\\User',14);

/*Data for the table `permisos` */

insert  into `permisos`(`id`,`role_id`,`ruta`,`nombre`,`created_at`,`updated_at`) values 
(631,6,'empresas.index',NULL,'2021-03-30 14:48:10','2021-03-30 14:48:10'),
(632,6,'rrhh.index',NULL,'2021-03-30 14:48:10','2021-03-30 14:48:10'),
(633,6,'declarantes.index',NULL,'2021-03-30 14:48:10','2021-03-30 14:48:10'),
(634,6,'declarantes.create',NULL,'2021-03-30 14:48:10','2021-03-30 14:48:10'),
(635,6,'declarantes.delete',NULL,'2021-03-30 14:48:10','2021-03-30 14:48:10'),
(764,3,'divisasCustodio.create',NULL,'2021-04-26 14:30:13','2021-04-26 14:30:13'),
(765,3,'listar.pago.movil',NULL,'2021-04-26 14:30:13','2021-04-26 14:30:13'),
(766,3,'porcentaje.puntosventas',NULL,'2021-04-26 14:30:13','2021-04-26 14:30:13'),
(767,2,'divisasCustodio.create',NULL,'2021-04-26 14:30:22','2021-04-26 14:30:22'),
(768,2,'listar.pago.movil',NULL,'2021-04-26 14:30:22','2021-04-26 14:30:22'),
(769,2,'divisas.reporte.general',NULL,'2021-04-26 14:30:22','2021-04-26 14:30:22'),
(770,2,'divisa.reporte.recaudo',NULL,'2021-04-26 14:30:22','2021-04-26 14:30:22'),
(771,2,'porcentaje.puntosventas',NULL,'2021-04-26 14:30:22','2021-04-26 14:30:22'),
(989,7,'islr.index',NULL,'2021-06-01 09:31:16','2021-06-01 09:31:16'),
(990,7,'islr.save2',NULL,'2021-06-01 09:31:16','2021-06-01 09:31:16'),
(991,7,'proveedor.index',NULL,'2021-06-01 09:31:16','2021-06-01 09:31:16'),
(992,7,'proveedor.create',NULL,'2021-06-01 09:31:16','2021-06-01 09:31:16'),
(993,7,'proveedor.edit',NULL,'2021-06-01 09:31:16','2021-06-01 09:31:16'),
(994,7,'empresas.index',NULL,'2021-06-01 09:31:16','2021-06-01 09:31:16'),
(995,7,'empresas.create',NULL,'2021-06-01 09:31:16','2021-06-01 09:31:16'),
(996,7,'empresas.edit',NULL,'2021-06-01 09:31:16','2021-06-01 09:31:16'),
(997,7,'retencion.create',NULL,'2021-06-01 09:31:16','2021-06-01 09:31:16'),
(998,7,'retencion.destroy',NULL,'2021-06-01 09:31:16','2021-06-01 09:31:16'),
(999,7,'retencion.edit',NULL,'2021-06-01 09:31:16','2021-06-01 09:31:16'),
(1000,7,'retencion.index',NULL,'2021-06-01 09:31:16','2021-06-01 09:31:16'),
(1001,7,'ut.index',NULL,'2021-06-01 09:31:16','2021-06-01 09:31:16'),
(1002,7,'ut.create',NULL,'2021-06-01 09:31:16','2021-06-01 09:31:16'),
(1003,7,'ut.edit',NULL,'2021-06-01 09:31:16','2021-06-01 09:31:16'),
(1004,7,'divisasCustodio.create',NULL,'2021-06-01 09:31:16','2021-06-01 09:31:16'),
(1005,7,'divisas.reporte.general',NULL,'2021-06-01 09:31:16','2021-06-01 09:31:16'),
(1062,10,'islr.index',NULL,'2021-08-26 13:59:31','2021-08-26 13:59:31'),
(1063,10,'islr.save2',NULL,'2021-08-26 13:59:31','2021-08-26 13:59:31'),
(1064,10,'proveedor.index',NULL,'2021-08-26 13:59:31','2021-08-26 13:59:31'),
(1065,10,'proveedor.create',NULL,'2021-08-26 13:59:31','2021-08-26 13:59:31'),
(1066,10,'proveedor.edit',NULL,'2021-08-26 13:59:31','2021-08-26 13:59:31'),
(1067,10,'bancos.index',NULL,'2021-08-26 13:59:31','2021-08-26 13:59:31'),
(1068,10,'cuentasporpagar.index',NULL,'2021-08-26 13:59:31','2021-08-26 13:59:31'),
(1069,9,'islr.index',NULL,'2022-04-01 11:02:13','2022-04-01 11:02:13'),
(1070,9,'islr.save2',NULL,'2022-04-01 11:02:13','2022-04-01 11:02:13'),
(1071,9,'rrhh.index',NULL,'2022-04-01 11:02:13','2022-04-01 11:02:13'),
(1072,9,'declarantes.index',NULL,'2022-04-01 11:02:13','2022-04-01 11:02:13'),
(1073,9,'declarantes.create',NULL,'2022-04-01 11:02:13','2022-04-01 11:02:13'),
(1074,9,'declarantes.delete',NULL,'2022-04-01 11:02:13','2022-04-01 11:02:13'),
(1075,9,'empresas.index',NULL,'2022-04-01 11:02:13','2022-04-01 11:02:13'),
(1076,4,'islr.index',NULL,'2022-04-01 12:20:44','2022-04-01 12:20:44'),
(1077,4,'rrhh.index',NULL,'2022-04-01 12:20:44','2022-04-01 12:20:44'),
(1078,4,'empresas.index',NULL,'2022-04-01 12:20:44','2022-04-01 12:20:44'),
(1188,11,'islr.index',NULL,'2022-09-14 13:41:36','2022-09-14 13:41:36'),
(1189,11,'islr.save2',NULL,'2022-09-14 13:41:36','2022-09-14 13:41:36'),
(1190,11,'proveedor.index',NULL,'2022-09-14 13:41:36','2022-09-14 13:41:36'),
(1191,11,'proveedor.create',NULL,'2022-09-14 13:41:36','2022-09-14 13:41:36'),
(1192,11,'proveedor.edit',NULL,'2022-09-14 13:41:36','2022-09-14 13:41:36'),
(1193,11,'bancos.index',NULL,'2022-09-14 13:41:36','2022-09-14 13:41:36'),
(1194,11,'retencion.create',NULL,'2022-09-14 13:41:36','2022-09-14 13:41:36'),
(1195,11,'retencion.destroy',NULL,'2022-09-14 13:41:36','2022-09-14 13:41:36'),
(1196,11,'retencion.edit',NULL,'2022-09-14 13:41:36','2022-09-14 13:41:36'),
(1197,11,'retencion.index',NULL,'2022-09-14 13:41:36','2022-09-14 13:41:36'),
(1198,11,'ut.index',NULL,'2022-09-14 13:41:36','2022-09-14 13:41:36'),
(1199,11,'ut.create',NULL,'2022-09-14 13:41:36','2022-09-14 13:41:36'),
(1200,11,'ut.edit',NULL,'2022-09-14 13:41:36','2022-09-14 13:41:36'),
(1201,11,'cuentasporpagar.facturasPorPagar',NULL,'2022-09-14 13:41:36','2022-09-14 13:41:36'),
(1202,11,'relacionPagoFacturasIndex',NULL,'2022-09-14 13:41:36','2022-09-14 13:41:36'),
(1203,11,'reportecuntaspagas',NULL,'2022-09-14 13:41:36','2022-09-14 13:41:36'),
(1204,11,'divisasCustodio.create',NULL,'2022-09-14 13:41:36','2022-09-14 13:41:36'),
(1205,11,'listar.pago.movil',NULL,'2022-09-14 13:41:36','2022-09-14 13:41:36'),
(1206,11,'divisas.reporte.general',NULL,'2022-09-14 13:41:36','2022-09-14 13:41:36'),
(1207,11,'divisa.reporte.recaudo',NULL,'2022-09-14 13:41:36','2022-09-14 13:41:36'),
(1208,11,'porcentaje.puntosventas',NULL,'2022-09-14 13:41:36','2022-09-14 13:41:36'),
(1290,14,'ut.index',NULL,'2022-09-14 13:47:45','2022-09-14 13:47:45'),
(1291,8,'islr.index',NULL,'2022-10-11 13:39:22','2022-10-11 13:39:22'),
(1292,8,'islr.save2',NULL,'2022-10-11 13:39:22','2022-10-11 13:39:22'),
(1293,8,'proveedor.index',NULL,'2022-10-11 13:39:22','2022-10-11 13:39:22'),
(1294,8,'proveedor.create',NULL,'2022-10-11 13:39:22','2022-10-11 13:39:22'),
(1295,8,'proveedor.edit',NULL,'2022-10-11 13:39:22','2022-10-11 13:39:22'),
(1296,8,'retencion.create',NULL,'2022-10-11 13:39:22','2022-10-11 13:39:22'),
(1297,8,'retencion.destroy',NULL,'2022-10-11 13:39:22','2022-10-11 13:39:22'),
(1298,8,'retencion.edit',NULL,'2022-10-11 13:39:22','2022-10-11 13:39:22'),
(1299,8,'retencion.index',NULL,'2022-10-11 13:39:22','2022-10-11 13:39:22'),
(1300,8,'ut.index',NULL,'2022-10-11 13:39:22','2022-10-11 13:39:22'),
(1301,8,'ut.create',NULL,'2022-10-11 13:39:22','2022-10-11 13:39:22'),
(1302,8,'ut.edit',NULL,'2022-10-11 13:39:22','2022-10-11 13:39:22'),
(1303,8,'empresas.index',NULL,'2022-10-11 13:39:22','2022-10-11 13:39:22'),
(1304,8,'divisasCustodio.create',NULL,'2022-10-11 13:39:22','2022-10-11 13:39:22'),
(1305,8,'listar.pago.movil',NULL,'2022-10-11 13:39:22','2022-10-11 13:39:22'),
(1306,8,'divisas.reporte.general',NULL,'2022-10-11 13:39:22','2022-10-11 13:39:22'),
(1307,8,'divisa.reporte.recaudo',NULL,'2022-10-11 13:39:22','2022-10-11 13:39:22'),
(1308,8,'porcentaje.puntosventas',NULL,'2022-10-11 13:39:22','2022-10-11 13:39:22'),
(1309,12,'proveedor.index',NULL,'2022-11-07 09:24:55','2022-11-07 09:24:55'),
(1310,12,'proveedor.create',NULL,'2022-11-07 09:24:55','2022-11-07 09:24:55'),
(1311,12,'proveedor.edit',NULL,'2022-11-07 09:24:55','2022-11-07 09:24:55'),
(1312,12,'cuentasporpagar.facturasPorPagar',NULL,'2022-11-07 09:24:55','2022-11-07 09:24:55'),
(1402,1,'islr.index',NULL,'2023-04-24 14:56:30','2023-04-24 14:56:30'),
(1403,1,'islr.save2',NULL,'2023-04-24 14:56:30','2023-04-24 14:56:30'),
(1404,1,'islr.xml.listar',NULL,'2023-04-24 14:56:30','2023-04-24 14:56:30'),
(1405,1,'islr.xml.create',NULL,'2023-04-24 14:56:30','2023-04-24 14:56:30'),
(1406,1,'xml.update',NULL,'2023-04-24 14:56:30','2023-04-24 14:56:30'),
(1407,1,'proveedor.index',NULL,'2023-04-24 14:56:30','2023-04-24 14:56:30'),
(1408,1,'proveedor.create',NULL,'2023-04-24 14:56:30','2023-04-24 14:56:30'),
(1409,1,'proveedor.edit',NULL,'2023-04-24 14:56:30','2023-04-24 14:56:30'),
(1410,1,'bancos.index',NULL,'2023-04-24 14:56:30','2023-04-24 14:56:30'),
(1411,1,'rrhh.index',NULL,'2023-04-24 14:56:30','2023-04-24 14:56:30'),
(1412,1,'declarantes.index',NULL,'2023-04-24 14:56:30','2023-04-24 14:56:30'),
(1413,1,'declarantes.create',NULL,'2023-04-24 14:56:30','2023-04-24 14:56:30'),
(1414,1,'declarantes.delete',NULL,'2023-04-24 14:56:30','2023-04-24 14:56:30'),
(1415,1,'retencion.create',NULL,'2023-04-24 14:56:30','2023-04-24 14:56:30'),
(1416,1,'retencion.destroy',NULL,'2023-04-24 14:56:30','2023-04-24 14:56:30'),
(1417,1,'retencion.edit',NULL,'2023-04-24 14:56:30','2023-04-24 14:56:30'),
(1418,1,'retencion.index',NULL,'2023-04-24 14:56:30','2023-04-24 14:56:30'),
(1419,1,'ut.index',NULL,'2023-04-24 14:56:30','2023-04-24 14:56:30'),
(1420,1,'ut.create',NULL,'2023-04-24 14:56:30','2023-04-24 14:56:30'),
(1421,1,'ut.edit',NULL,'2023-04-24 14:56:30','2023-04-24 14:56:30'),
(1422,1,'cuentasporpagar.facturasPorPagar',NULL,'2023-04-24 14:56:30','2023-04-24 14:56:30'),
(1423,1,'relacionPagoFacturasIndex',NULL,'2023-04-24 14:56:30','2023-04-24 14:56:30'),
(1424,1,'reportecuntaspagas',NULL,'2023-04-24 14:56:30','2023-04-24 14:56:30'),
(1425,1,'informesAdicionales.index',NULL,'2023-04-24 14:56:30','2023-04-24 14:56:30'),
(1426,1,'habladores.index',NULL,'2023-04-24 14:56:30','2023-04-24 14:56:30'),
(1427,1,'empresas.index',NULL,'2023-04-24 14:56:30','2023-04-24 14:56:30'),
(1428,1,'empresas.create',NULL,'2023-04-24 14:56:30','2023-04-24 14:56:30'),
(1429,1,'empresas.delete',NULL,'2023-04-24 14:56:30','2023-04-24 14:56:30'),
(1430,1,'empresas.edit',NULL,'2023-04-24 14:56:30','2023-04-24 14:56:30'),
(1431,1,'usuarios.index',NULL,'2023-04-24 14:56:30','2023-04-24 14:56:30'),
(1432,1,'usuarios.edit',NULL,'2023-04-24 14:56:30','2023-04-24 14:56:30'),
(1433,1,'usuarios.destroy',NULL,'2023-04-24 14:56:30','2023-04-24 14:56:30'),
(1434,1,'usuarios.create',NULL,'2023-04-24 14:56:30','2023-04-24 14:56:30'),
(1435,1,'divisasCustodio.create',NULL,'2023-04-24 14:56:30','2023-04-24 14:56:30'),
(1436,1,'listar.pago.movil',NULL,'2023-04-24 14:56:30','2023-04-24 14:56:30'),
(1437,1,'divisas.reporte.general',NULL,'2023-04-24 14:56:30','2023-04-24 14:56:30'),
(1438,1,'divisa.reporte.recaudo',NULL,'2023-04-24 14:56:30','2023-04-24 14:56:30'),
(1439,1,'porcentaje.puntosventas',NULL,'2023-04-24 14:56:30','2023-04-24 14:56:30'),
(1440,1,'solicitudDivisaIndex',NULL,'2023-04-24 14:56:30','2023-04-24 14:56:30'),
(1487,5,'islr.index',NULL,'2023-05-02 15:53:11','2023-05-02 15:53:11'),
(1488,5,'islr.save2',NULL,'2023-05-02 15:53:11','2023-05-02 15:53:11'),
(1489,5,'islr.xml.listar',NULL,'2023-05-02 15:53:11','2023-05-02 15:53:11'),
(1490,5,'islr.xml.create',NULL,'2023-05-02 15:53:11','2023-05-02 15:53:11'),
(1491,5,'xml.update',NULL,'2023-05-02 15:53:11','2023-05-02 15:53:11'),
(1492,5,'xml.update.xmldetalle',NULL,'2023-05-02 15:53:11','2023-05-02 15:53:11'),
(1493,5,'xml.delete',NULL,'2023-05-02 15:53:11','2023-05-02 15:53:11'),
(1494,5,'proveedor.index',NULL,'2023-05-02 15:53:11','2023-05-02 15:53:11'),
(1495,5,'proveedor.create',NULL,'2023-05-02 15:53:11','2023-05-02 15:53:11'),
(1496,5,'proveedor.edit',NULL,'2023-05-02 15:53:11','2023-05-02 15:53:11'),
(1497,5,'bancos.index',NULL,'2023-05-02 15:53:11','2023-05-02 15:53:11'),
(1498,5,'rrhh.index',NULL,'2023-05-02 15:53:11','2023-05-02 15:53:11'),
(1499,5,'declarantes.index',NULL,'2023-05-02 15:53:11','2023-05-02 15:53:11'),
(1500,5,'declarantes.create',NULL,'2023-05-02 15:53:11','2023-05-02 15:53:11'),
(1501,5,'declarantes.delete',NULL,'2023-05-02 15:53:11','2023-05-02 15:53:11'),
(1502,5,'retencion.create',NULL,'2023-05-02 15:53:11','2023-05-02 15:53:11'),
(1503,5,'retencion.destroy',NULL,'2023-05-02 15:53:11','2023-05-02 15:53:11'),
(1504,5,'retencion.edit',NULL,'2023-05-02 15:53:11','2023-05-02 15:53:11'),
(1505,5,'retencion.index',NULL,'2023-05-02 15:53:11','2023-05-02 15:53:11'),
(1506,5,'ut.index',NULL,'2023-05-02 15:53:11','2023-05-02 15:53:11'),
(1507,5,'ut.create',NULL,'2023-05-02 15:53:11','2023-05-02 15:53:11'),
(1508,5,'ut.edit',NULL,'2023-05-02 15:53:11','2023-05-02 15:53:11'),
(1509,5,'cuentasporpagar.facturasPorPagar',NULL,'2023-05-02 15:53:11','2023-05-02 15:53:11'),
(1510,5,'editarFacturasPorPagar',NULL,'2023-05-02 15:53:11','2023-05-02 15:53:11'),
(1511,5,'relacionPagoFacturasIndex',NULL,'2023-05-02 15:53:11','2023-05-02 15:53:11'),
(1512,5,'reportecuntaspagas',NULL,'2023-05-02 15:53:11','2023-05-02 15:53:11'),
(1513,5,'informesAdicionales.index',NULL,'2023-05-02 15:53:11','2023-05-02 15:53:11'),
(1514,5,'comisionPorVentas',NULL,'2023-05-02 15:53:11','2023-05-02 15:53:11'),
(1515,5,'habladores.index',NULL,'2023-05-02 15:53:11','2023-05-02 15:53:11'),
(1516,5,'empresas.index',NULL,'2023-05-02 15:53:11','2023-05-02 15:53:11'),
(1517,5,'empresas.create',NULL,'2023-05-02 15:53:11','2023-05-02 15:53:11'),
(1518,5,'empresas.delete',NULL,'2023-05-02 15:53:11','2023-05-02 15:53:11'),
(1519,5,'empresas.edit',NULL,'2023-05-02 15:53:11','2023-05-02 15:53:11'),
(1520,5,'usuarios.index',NULL,'2023-05-02 15:53:11','2023-05-02 15:53:11'),
(1521,5,'usuarios.edit',NULL,'2023-05-02 15:53:11','2023-05-02 15:53:11'),
(1522,5,'usuarios.destroy',NULL,'2023-05-02 15:53:11','2023-05-02 15:53:11'),
(1523,5,'usuarios.create',NULL,'2023-05-02 15:53:11','2023-05-02 15:53:11'),
(1524,5,'roles.index',NULL,'2023-05-02 15:53:11','2023-05-02 15:53:11'),
(1525,5,'roles.create',NULL,'2023-05-02 15:53:11','2023-05-02 15:53:11'),
(1526,5,'roles.edit',NULL,'2023-05-02 15:53:11','2023-05-02 15:53:11'),
(1527,5,'roles.destroy',NULL,'2023-05-02 15:53:11','2023-05-02 15:53:11'),
(1528,5,'divisasCustodio.create',NULL,'2023-05-02 15:53:11','2023-05-02 15:53:11'),
(1529,5,'listar.pago.movil',NULL,'2023-05-02 15:53:11','2023-05-02 15:53:11'),
(1530,5,'divisas.reporte.general',NULL,'2023-05-02 15:53:11','2023-05-02 15:53:11'),
(1531,5,'divisa.reporte.recaudo',NULL,'2023-05-02 15:53:11','2023-05-02 15:53:11'),
(1532,5,'porcentaje.puntosventas',NULL,'2023-05-02 15:53:11','2023-05-02 15:53:11'),
(1533,5,'solicitudDivisaIndex',NULL,'2023-05-02 15:53:11','2023-05-02 15:53:11'),
(1534,13,'informesAdicionales.index',NULL,'2023-05-15 11:17:23','2023-05-15 11:17:23'),
(1535,13,'habladores.index',NULL,'2023-05-15 11:17:23','2023-05-15 11:17:23'),
(1536,13,'empresas.index',NULL,'2023-05-15 11:17:23','2023-05-15 11:17:23'),
(1537,13,'empresas.edit',NULL,'2023-05-15 11:17:23','2023-05-15 11:17:23'),
(1538,13,'usuarios.index',NULL,'2023-05-15 11:17:23','2023-05-15 11:17:23');

/*Data for the table `permissions` */

insert  into `permissions`(`id`,`name`,`guard_name`,`created_at`,`updated_at`) values 
(1,'cuadres.index','web','2023-02-28 19:45:30','2023-02-28 19:45:30'),
(2,'admin.general.datosEmpresa','web','2023-02-28 19:45:30','2023-02-28 19:45:30'),
(11,'admin.user.index','web','2023-03-09 17:38:44','2023-03-09 17:38:44'),
(12,'admin.user.edit','web','2023-03-09 17:38:58','2023-03-09 17:38:58'),
(13,'admin.user.update','web','2023-03-09 17:39:13','2023-03-09 17:39:13'),
(14,'admin.role.index','web','2023-03-09 17:39:25','2023-03-09 17:39:25'),
(15,'admin.role.editar','web','2023-03-09 17:39:42','2023-03-09 17:39:42'),
(16,'admin.permiso.index','web','2023-03-09 17:40:05','2023-03-09 17:40:05'),
(17,'cuadres.vistaRegistrarCuadre','web','2023-03-21 20:23:59','2023-03-21 20:23:59'),
(18,'islr.index','web','2023-06-14 19:03:36','2023-06-14 19:03:36'),
(19,'cuentasporpagar.facturasPorPagar','web','2023-06-14 19:04:03','2023-06-14 19:04:03'),
(20,'divisasCustodio.create','web','2023-06-14 19:04:31','2023-06-14 19:04:31'),
(21,'informesAdicionales.index','web','2023-06-14 19:04:51','2023-06-14 19:04:51'),
(22,'islr.xml.create','web','2023-07-04 16:29:21','2023-07-04 16:29:21'),
(23,'ut.index','web','2023-07-04 16:30:03','2023-07-04 16:30:03'),
(24,'rrhh.index','web','2023-07-04 16:30:26','2023-07-04 16:30:26'),
(25,'contribuyente.index','web','2023-07-04 16:31:25','2023-07-04 16:31:25'),
(26,'declarantes.index','web','2023-07-04 16:32:10','2023-07-04 16:32:10'),
(29,'habladores.index','web','2023-07-04 17:21:52','2023-07-04 17:21:52'),
(30,'cuentasporpagar.inicio','web','2023-07-04 17:31:07','2023-07-04 17:31:07'),
(31,'relacionPagoFacturasIndex','web','2023-07-04 17:46:28','2023-07-04 17:46:28'),
(32,'listadoFacturasCalculadas','web','2023-07-04 17:46:41','2023-07-04 17:46:41'),
(33,'reportecuntaspagas','web','2023-07-04 17:46:57','2023-07-04 17:46:57'),
(34,'reportePagoBolivares','web','2023-07-04 17:47:07','2023-07-04 17:47:07'),
(35,'reporteRelacionPagosPorEmpresa','web','2023-07-04 17:47:17','2023-07-04 17:47:17'),
(36,'reportePagoPorProvedorTodasEmpresas','web','2023-07-04 17:47:27','2023-07-04 17:47:27'),
(37,'comisionPorVentas','web','2023-07-04 19:21:24','2023-07-04 19:21:24'),
(38,'xml.update','web','2023-07-13 19:10:59','2023-07-13 19:10:59'),
(39,'xml.delete','web','2023-07-13 19:11:25','2023-07-13 19:11:25'),
(43,'listar.operaciones.divisas','web','2023-07-13 19:48:20','2023-07-13 19:48:20'),
(44,'listar.pago.movil','web','2023-07-13 19:48:41','2023-07-13 19:48:41'),
(45,'divisas.reporte.general','web','2023-07-13 19:48:53','2023-07-13 19:48:53'),
(46,'divisa.reporte.recaudo','web','2023-07-13 19:49:03','2023-07-13 19:49:03'),
(47,'porcentaje.puntosventas','web','2023-07-13 19:49:21','2023-07-13 19:49:21'),
(48,'proveedor.index','web','2023-07-13 20:19:56','2023-07-13 20:19:56'),
(49,'bancos.index','web','2023-08-07 16:42:34','2023-08-07 16:42:34'),
(50,'asistentecompra.visualizadorPrecios','web','2023-08-17 16:31:26','2023-08-17 16:31:26'),
(51,'editarFacturasPorPagar','web','2023-08-22 14:51:06','2023-08-22 14:51:06'),
(52,'guardarValorTasa','web','2023-10-24 19:43:06','2023-10-24 19:43:06'),
(53,'islr.xml.listar','web','2023-11-14 16:23:13','2023-11-14 16:23:13'),
(54,'agregar.tasadivisa.afactura','web','2023-11-28 16:50:15','2023-11-28 16:50:15'),
(55,'retencion.iva.index','web','2023-12-06 18:03:02','2023-12-06 18:03:02'),
(56,'retencion.iva.listar','web','2024-04-09 20:01:27','2024-04-09 20:01:27'),
(57,'retencion.iva.generarTxt','web','2024-04-09 20:01:41','2024-04-09 20:01:41'),
(58,'retencion.iva.editar_retencion','web','2024-04-17 16:04:48','2024-04-17 16:04:48');

/*Data for the table `role_has_permissions` */

insert  into `role_has_permissions`(`permission_id`,`role_id`) values 
(1,1),
(2,1),
(17,1),
(18,1),
(19,1),
(22,1),
(23,1),
(24,1),
(25,1),
(30,1),
(38,1),
(39,1),
(49,1),
(52,1),
(53,1),
(1,2),
(2,2),
(11,2),
(12,2),
(13,2),
(14,2),
(15,2),
(16,2),
(17,2),
(43,16),
(44,16),
(45,16),
(46,16),
(47,16),
(1,17),
(2,17),
(11,17),
(12,17),
(13,17),
(14,17),
(15,17),
(16,17),
(17,17),
(18,17),
(19,17),
(20,17),
(21,17),
(22,17),
(23,17),
(24,17),
(25,17),
(26,17),
(29,17),
(30,17),
(31,17),
(32,17),
(33,17),
(34,17),
(35,17),
(36,17),
(37,17),
(38,17),
(39,17),
(43,17),
(44,17),
(45,17),
(46,17),
(47,17),
(48,17),
(49,17),
(50,17),
(51,17),
(52,17),
(53,17),
(54,17),
(55,17),
(56,17),
(57,17),
(58,17),
(24,18),
(18,19),
(25,19),
(26,19),
(18,20),
(23,20),
(24,20),
(25,20),
(43,20),
(44,20),
(45,20),
(46,20),
(47,20),
(48,20),
(49,20),
(19,21),
(20,21),
(48,21),
(29,22),
(30,22),
(31,22),
(32,22),
(33,22),
(34,22),
(35,22),
(36,22),
(37,22),
(43,22),
(44,22),
(45,22),
(46,22),
(47,22),
(48,22);

/*Data for the table `role_user` */

/*Data for the table `roles` */

insert  into `roles`(`id`,`name`,`guard_name`,`created_at`,`updated_at`) values 
(1,'Admin','web','2023-02-28 19:45:30','2023-02-28 19:45:30'),
(2,'Cuadres','web','2023-02-28 19:45:30','2023-02-28 19:45:30'),
(16,'Recaudo','web','2023-03-08 16:19:46','2023-03-08 16:19:46'),
(17,'Root','web','2023-03-17 16:24:52','2023-03-17 16:24:52'),
(18,'Recursos Humanos','web','2023-07-13 20:05:52','2023-07-13 20:05:52'),
(19,'Gerente RRHH','web','2023-07-13 20:17:15','2023-07-13 20:17:15'),
(20,'ISLR Analista','web','2023-07-13 20:18:24','2023-07-13 20:18:24'),
(21,'Analista Ingreso Cxp','web','2023-07-14 19:51:07','2023-07-14 19:51:07'),
(22,'Cuentas Por Pagar + Divisas','web','2023-07-14 19:54:29','2023-07-14 19:54:29');

/*Data for the table `users` */

insert  into `users`(`id`,`name`,`email`,`email_verified_at`,`password`,`remember_token`,`created_at`,`updated_at`) values 
(11,'Jose Rivero','jarh18@gmail.com',NULL,'$2y$10$2W0ayvwdRG4uc8B8uq3l1eAIq/xZx4G5yEZmt.7xe4vFz8ZEdKD9y','FxmcP6HBURVOFw6ImVNIO9HmffK4E44sgjOhzDRDkUOUNGXq8wN4pt3epyLE','2023-02-28 19:45:31','2024-05-07 12:56:37'),
(14,'JOSE PRUEBA','joseprueba@gmail.com',NULL,'$2y$10$1aePIuE/t6JM2nDqWE8s..EU5oNDhiodMunnu4OOGbkgTcarqQmVW',NULL,'2023-08-28 18:39:26','2024-02-08 17:21:26');

/*Data for the table `usuarios_acceso_empresas` */

insert  into `usuarios_acceso_empresas`(`id`,`empresa_rif`,`user_id`,`created_at`,`updated_at`) values 
(28,'J-30227462-1',18,'2023-08-29 14:20:05','2023-08-29 14:20:05'),
(29,'J-30631519-5',18,'2023-08-29 14:20:05','2023-08-29 14:20:05'),
(30,'J-31473007-0',18,'2023-08-29 14:20:05','2023-08-29 14:20:05'),
(31,'J-40093505-9',18,'2023-08-29 14:20:05','2023-08-29 14:20:05'),
(32,'J-31404973-9',18,'2023-08-29 14:20:05','2023-08-29 14:20:05'),
(33,'J-31385109-4',18,'2023-08-29 14:20:05','2023-08-29 14:20:05'),
(34,'J-50225548-6',18,'2023-08-29 14:20:05','2023-08-29 14:20:05'),
(35,'J-30595731-2',18,'2023-08-29 14:20:05','2023-08-29 14:20:05'),
(36,'J-30222996-0',18,'2023-08-29 14:20:05','2023-08-29 14:20:05'),
(37,'J-12345678-0',18,'2023-08-29 14:20:05','2023-08-29 14:20:05'),
(38,'J-30227462-1',19,'2023-08-29 14:21:56','2023-08-29 14:21:56'),
(39,'J-30631519-5',19,'2023-08-29 14:21:56','2023-08-29 14:21:56'),
(40,'J-31473007-0',19,'2023-08-29 14:21:56','2023-08-29 14:21:56'),
(41,'J-40093505-9',19,'2023-08-29 14:21:56','2023-08-29 14:21:56'),
(42,'J-31404973-9',19,'2023-08-29 14:21:56','2023-08-29 14:21:56'),
(43,'J-31385109-4',19,'2023-08-29 14:21:56','2023-08-29 14:21:56'),
(44,'J-50225548-6',19,'2023-08-29 14:21:57','2023-08-29 14:21:57'),
(45,'J-30595731-2',19,'2023-08-29 14:21:57','2023-08-29 14:21:57'),
(46,'J-30222996-0',19,'2023-08-29 14:21:57','2023-08-29 14:21:57'),
(47,'J-12345678-0',19,'2023-08-29 14:21:57','2023-08-29 14:21:57'),
(78,'J-30227462-1',11,'2024-05-07 12:56:37','2024-05-07 12:56:37'),
(79,'J-30631519-5',11,'2024-05-07 12:56:37','2024-05-07 12:56:37'),
(80,'J-31473007-0',11,'2024-05-07 12:56:37','2024-05-07 12:56:37'),
(81,'J-40093505-9',11,'2024-05-07 12:56:37','2024-05-07 12:56:37'),
(82,'J-31404973-9',11,'2024-05-07 12:56:37','2024-05-07 12:56:37'),
(83,'J-31385109-4',11,'2024-05-07 12:56:37','2024-05-07 12:56:37'),
(84,'J-50225548-6',11,'2024-05-07 12:56:37','2024-05-07 12:56:37'),
(85,'J-30595731-2',11,'2024-05-07 12:56:37','2024-05-07 12:56:37'),
(86,'J-30222996-0',11,'2024-05-07 12:56:37','2024-05-07 12:56:37');

/*!40101 SET SQL_MODE=@OLD_SQL_MODE */;
/*!40014 SET FOREIGN_KEY_CHECKS=@OLD_FOREIGN_KEY_CHECKS */;
/*!40014 SET UNIQUE_CHECKS=@OLD_UNIQUE_CHECKS */;
/*!40111 SET SQL_NOTES=@OLD_SQL_NOTES */;
